question_id,survey_id,pollster_id,candidate_id,y,t_unit
9,1,1,1,166,22
9,1,1,2,3,22
9,1,1,3,1,22
9,1,1,4,3,22
9,1,1,5,14,22
9,1,1,6,7,22
9,1,1,7,7,22
9,1,1,8,14,22
9,1,1,10,44,22
9,1,1,12,20,22
9,1,1,13,2,22
9,1,1,16,2,22
9,1,1,22,5,22
9,1,1,23,27,22
9,1,1,24,24,22
10,1,1,1,175,22
10,1,1,2,2,22
10,1,1,3,2,22
10,1,1,4,3,22
10,1,1,5,14,22
10,1,1,6,7,22
10,1,1,7,7,22
10,1,1,8,14,22
10,1,1,10,48,22
10,1,1,13,3,22
10,1,1,14,18,22
10,1,1,16,1,22
10,1,1,22,5,22
10,1,1,23,30,22
10,1,1,24,25,22
11,1,1,1,172,22
11,1,1,2,2,22
11,1,1,3,2,22
11,1,1,4,3,22
11,1,1,5,15,22
11,1,1,6,7,22
11,1,1,7,7,22
11,1,1,8,14,22
11,1,1,10,49,22
11,1,1,13,3,22
11,1,1,15,15,22
11,1,1,16,2,22
11,1,1,22,6,22
11,1,1,23,30,22
11,1,1,24,23,22
12,1,1,1,198,22
12,1,1,2,2,22
12,1,1,3,1,22
12,1,1,4,2,22
12,1,1,5,16,22
12,1,1,6,8,22
12,1,1,7,8,22
12,1,1,8,16,22
12,1,1,10,56,22
12,1,1,12,30,22
12,1,1,13,4,22
12,1,1,16,2,22
12,1,1,22,7,22
12,1,1,23,48,22
13,1,1,1,200,22
13,1,1,2,2,22
13,1,1,3,2,22
13,1,1,4,3,22
13,1,1,5,16,22
13,1,1,6,8,22
13,1,1,7,8,22
13,1,1,8,16,22
13,1,1,10,58,22
13,1,1,13,4,22
13,1,1,14,24,22
13,1,1,16,2,22
13,1,1,22,7,22
13,1,1,23,50,22
14,1,1,1,193,22
14,1,1,2,3,22
14,1,1,3,2,22
14,1,1,4,3,22
14,1,1,5,16,22
14,1,1,6,8,22
14,1,1,7,8,22
14,1,1,8,16,22
14,1,1,10,58,22
14,1,1,13,4,22
14,1,1,15,20,22
14,1,1,16,2,22
14,1,1,22,8,22
14,1,1,23,49,22
28,2,2,1,407,21
28,2,2,2,5,21
28,2,2,3,5,21
28,2,2,4,9,21
28,2,2,5,33,21
28,2,2,6,21,21
28,2,2,7,9,21
28,2,2,8,41,21
28,2,2,10,102,21
28,2,2,11,5,21
28,2,2,12,57,21
28,2,2,13,9,21
28,2,2,16,5,21
28,2,2,17,0,21
28,2,2,22,17,21
28,2,2,23,94,21
28,2,2,25,5,21
29,2,2,1,427,21
29,2,2,2,5,21
29,2,2,3,5,21
29,2,2,4,9,21
29,2,2,5,35,21
29,2,2,6,18,21
29,2,2,7,5,21
29,2,2,8,43,21
29,2,2,10,116,21
29,2,2,11,5,21
29,2,2,13,9,21
29,2,2,14,47,21
29,2,2,16,5,21
29,2,2,17,5,21
29,2,2,22,22,21
29,2,2,23,103,21
29,2,2,25,5,21
30,2,2,1,427,21
30,2,2,2,5,21
30,2,2,3,5,21
30,2,2,4,9,21
30,2,2,5,35,21
30,2,2,6,22,21
30,2,2,7,9,21
30,2,2,8,47,21
30,2,2,10,124,21
30,2,2,11,0,21
30,2,2,13,9,21
30,2,2,15,35,21
30,2,2,16,5,21
30,2,2,17,0,21
30,2,2,22,18,21
30,2,2,23,107,21
30,2,2,25,5,21
31,2,2,1,407,21
31,2,2,2,5,21
31,2,2,3,5,21
31,2,2,4,9,21
31,2,2,5,29,21
31,2,2,6,21,21
31,2,2,7,5,21
31,2,2,8,37,21
31,2,2,10,102,21
31,2,2,11,5,21
31,2,2,12,53,21
31,2,2,13,5,21
31,2,2,16,5,21
31,2,2,17,0,21
31,2,2,22,13,21
31,2,2,23,66,21
31,2,2,24,53,21
31,2,2,25,5,21
32,2,2,1,417,21
32,2,2,2,5,21
32,2,2,3,5,21
32,2,2,4,9,21
32,2,2,5,34,21
32,2,2,6,21,21
32,2,2,7,9,21
32,2,2,8,38,21
32,2,2,10,113,21
32,2,2,11,0,21
32,2,2,13,5,21
32,2,2,14,34,21
32,2,2,16,5,21
32,2,2,17,0,21
32,2,2,22,13,21
32,2,2,23,71,21
32,2,2,24,59,21
32,2,2,25,5,21
33,2,2,1,417,21
33,2,2,2,5,21
33,2,2,3,5,21
33,2,2,4,9,21
33,2,2,5,34,21
33,2,2,6,21,21
33,2,2,7,9,21
33,2,2,8,38,21
33,2,2,10,117,21
33,2,2,11,0,21
33,2,2,13,5,21
33,2,2,15,21,21
33,2,2,16,5,21
33,2,2,17,0,21
33,2,2,22,17,21
33,2,2,23,75,21
33,2,2,24,59,21
33,2,2,25,5,21
34,2,2,1,546,21
34,2,2,10,328,21
34,2,2,23,219,21
35,2,2,1,546,21
35,2,2,10,344,21
35,2,2,24,203,21
36,2,2,1,602,21
36,2,2,10,320,21
36,2,2,12,283,21
91,3,2,1,376,13
91,3,2,2,4,13
91,3,2,3,4,13
91,3,2,4,8,13
91,3,2,5,31,13
91,3,2,6,23,13
91,3,2,7,8,13
91,3,2,8,27,13
91,3,2,10,98,13
91,3,2,11,0,13
91,3,2,12,61,13
91,3,2,13,8,13
91,3,2,16,0,13
91,3,2,17,0,13
91,3,2,22,19,13
91,3,2,23,87,13
91,3,2,25,4,13
92,3,2,1,396,13
92,3,2,2,0,13
92,3,2,3,4,13
92,3,2,4,8,13
92,3,2,5,32,13
92,3,2,6,24,13
92,3,2,7,8,13
92,3,2,8,32,13
92,3,2,10,103,13
92,3,2,11,4,13
92,3,2,13,8,13
92,3,2,14,56,13
92,3,2,16,0,13
92,3,2,17,0,13
92,3,2,22,24,13
92,3,2,23,91,13
92,3,2,25,4,13
93,3,2,1,385,13
93,3,2,2,0,13
93,3,2,3,4,13
93,3,2,4,8,13
93,3,2,5,31,13
93,3,2,6,27,13
93,3,2,7,8,13
93,3,2,8,27,13
93,3,2,10,97,13
93,3,2,11,4,13
93,3,2,12,58,13
93,3,2,13,4,13
93,3,2,16,0,13
93,3,2,17,0,13
93,3,2,22,16,13
93,3,2,23,70,13
93,3,2,24,31,13
93,3,2,25,4,13
94,3,2,1,385,13
94,3,2,2,0,13
94,3,2,3,4,13
94,3,2,4,8,13
94,3,2,5,31,13
94,3,2,6,24,13
94,3,2,7,4,13
94,3,2,8,27,13
94,3,2,10,101,13
94,3,2,11,4,13
94,3,2,13,8,13
94,3,2,14,51,13
94,3,2,16,0,13
94,3,2,17,0,13
94,3,2,22,20,13
94,3,2,23,74,13
94,3,2,24,31,13
94,3,2,25,4,13
95,3,2,1,499,13
95,3,2,10,294,13
95,3,2,23,205,13
96,3,2,1,564,13
96,3,2,10,294,13
96,3,2,12,271,13
133,4,2,1,172,7
133,4,2,2,2,7
133,4,2,3,2,7
133,4,2,4,2,7
133,4,2,5,16,7
133,4,2,6,9,7
133,4,2,8,11,7
133,4,2,10,50,7
133,4,2,11,0,7
133,4,2,12,25,7
133,4,2,13,4,7
133,4,2,16,2,7
133,4,2,17,2,7
133,4,2,22,9,7
133,4,2,23,43,7
134,4,2,1,172,7
134,4,2,2,0,7
134,4,2,3,4,7
134,4,2,4,4,7
134,4,2,5,18,7
134,4,2,6,9,7
134,4,2,8,13,7
134,4,2,10,52,7
134,4,2,11,2,7
134,4,2,13,4,7
134,4,2,14,19,7
134,4,2,16,4,7
134,4,2,17,2,7
134,4,2,22,7,7
134,4,2,23,40,7
135,4,2,1,172,7
135,4,2,2,2,7
135,4,2,3,4,7
135,4,2,4,4,7
135,4,2,5,18,7
135,4,2,6,7,7
135,4,2,8,11,7
135,4,2,10,54,7
135,4,2,11,0,7
135,4,2,13,2,7
135,4,2,16,2,7
135,4,2,17,2,7
135,4,2,21,21,7
135,4,2,22,9,7
135,4,2,23,42,7
136,4,2,1,282,7
136,4,2,10,170,7
136,4,2,23,113,7
149,5,2,1,290,2
149,5,2,2,0,2
149,5,2,3,6,2
149,5,2,4,3,2
149,5,2,5,32,2
149,5,2,6,15,2
149,5,2,8,18,2
149,5,2,10,73,2
149,5,2,11,3,2
149,5,2,12,44,2
149,5,2,13,6,2
149,5,2,16,3,2
149,5,2,17,0,2
149,5,2,22,15,2
149,5,2,23,76,2
150,5,2,1,308,2
150,5,2,2,0,2
150,5,2,3,7,2
150,5,2,4,4,2
150,5,2,5,34,2
150,5,2,6,16,2
150,5,2,8,16,2
150,5,2,10,84,2
150,5,2,11,7,2
150,5,2,13,10,2
150,5,2,14,28,2
150,5,2,16,4,2
150,5,2,17,0,2
150,5,2,22,19,2
150,5,2,23,87,2
151,5,2,1,470,2
151,5,2,10,264,2
151,5,2,23,207,2
15,6,3,1,148,22
15,6,3,2,2,22
15,6,3,3,2,22
15,6,3,4,3,22
15,6,3,5,17,22
15,6,3,6,8,22
15,6,3,7,3,22
15,6,3,8,11,22
15,6,3,10,36,22
15,6,3,11,0,22
15,6,3,12,21,22
15,6,3,13,0,22
15,6,3,16,0,22
15,6,3,17,0,22
15,6,3,22,2,22
15,6,3,23,23,22
15,6,3,24,26,22
15,6,3,25,0,22
16,6,3,1,158,22
16,6,3,2,2,22
16,6,3,3,2,22
16,6,3,4,4,22
16,6,3,5,18,22
16,6,3,6,8,22
16,6,3,7,4,22
16,6,3,8,13,22
16,6,3,10,40,22
16,6,3,11,0,22
16,6,3,13,0,22
16,6,3,14,18,22
16,6,3,16,0,22
16,6,3,17,0,22
16,6,3,22,4,22
16,6,3,23,24,22
16,6,3,24,27,22
16,6,3,25,0,22
17,6,3,1,158,22
17,6,3,2,2,22
17,6,3,3,2,22
17,6,3,4,4,22
17,6,3,5,18,22
17,6,3,6,8,22
17,6,3,7,4,22
17,6,3,8,13,22
17,6,3,10,43,22
17,6,3,11,0,22
17,6,3,13,0,22
17,6,3,15,12,22
17,6,3,16,0,22
17,6,3,17,0,22
17,6,3,22,4,22
17,6,3,23,26,22
17,6,3,24,29,22
17,6,3,25,0,22
18,6,3,1,191,22
18,6,3,2,2,22
18,6,3,3,2,22
18,6,3,4,4,22
18,6,3,5,21,22
18,6,3,6,10,22
18,6,3,7,4,22
18,6,3,8,14,22
18,6,3,10,48,22
18,6,3,11,0,22
18,6,3,12,29,22
18,6,3,13,0,22
18,6,3,16,0,22
18,6,3,17,0,22
18,6,3,22,8,22
18,6,3,23,50,22
18,6,3,25,2,22
19,6,3,1,201,22
19,6,3,2,3,22
19,6,3,3,3,22
19,6,3,4,5,22
19,6,3,5,23,22
19,6,3,6,11,22
19,6,3,7,6,22
19,6,3,8,17,22
19,6,3,10,55,22
19,6,3,11,0,22
19,6,3,13,0,22
19,6,3,14,23,22
19,6,3,16,0,22
19,6,3,17,0,22
19,6,3,22,9,22
19,6,3,23,53,22
19,6,3,25,3,22
20,6,3,1,201,22
20,6,3,2,3,22
20,6,3,3,3,22
20,6,3,4,5,22
20,6,3,5,23,22
20,6,3,6,11,22
20,6,3,7,6,22
20,6,3,8,17,22
20,6,3,10,57,22
20,6,3,11,0,22
20,6,3,13,0,22
20,6,3,15,18,22
20,6,3,16,0,22
20,6,3,17,0,22
20,6,3,22,9,22
20,6,3,23,55,22
20,6,3,25,3,22
21,6,3,1,347,22
21,6,3,10,198,22
21,6,3,24,150,22
22,6,3,1,317,22
22,6,3,10,171,22
22,6,3,23,146,22
23,6,3,1,464,22
23,6,3,10,241,22
23,6,3,12,223,22
24,6,3,1,452,22
24,6,3,10,254,22
24,6,3,14,199,22
25,6,3,1,410,22
25,6,3,5,156,22
25,6,3,10,255,22
37,7,3,1,161,20
37,7,3,2,2,20
37,7,3,3,2,20
37,7,3,4,4,20
37,7,3,5,18,20
37,7,3,6,10,20
37,7,3,7,4,20
37,7,3,8,10,20
37,7,3,10,39,20
37,7,3,11,0,20
37,7,3,12,21,20
37,7,3,13,0,20
37,7,3,16,0,20
37,7,3,17,0,20
37,7,3,22,4,20
37,7,3,23,25,20
37,7,3,24,28,20
37,7,3,25,0,20
38,7,3,1,161,20
38,7,3,2,2,20
38,7,3,3,2,20
38,7,3,4,4,20
38,7,3,5,18,20
38,7,3,6,10,20
38,7,3,7,4,20
38,7,3,8,12,20
38,7,3,10,41,20
38,7,3,11,0,20
38,7,3,13,0,20
38,7,3,14,18,20
38,7,3,16,0,20
38,7,3,17,0,20
38,7,3,22,4,20
38,7,3,23,25,20
38,7,3,24,28,20
38,7,3,25,0,20
39,7,3,1,170,20
39,7,3,2,2,20
39,7,3,3,2,20
39,7,3,4,4,20
39,7,3,5,19,20
39,7,3,6,11,20
39,7,3,7,4,20
39,7,3,8,12,20
39,7,3,10,46,20
39,7,3,11,0,20
39,7,3,13,0,20
39,7,3,15,12,20
39,7,3,16,0,20
39,7,3,17,0,20
39,7,3,22,4,20
39,7,3,23,28,20
39,7,3,24,31,20
39,7,3,25,0,20
40,7,3,1,362,20
40,7,3,10,200,20
40,7,3,24,163,20
41,7,3,1,319,20
41,7,3,10,170,20
41,7,3,23,150,20
42,7,3,1,415,20
42,7,3,10,212,20
42,7,3,12,204,20
43,7,3,1,447,20
43,7,3,10,255,20
43,7,3,14,193,20
44,7,3,1,404,20
44,7,3,5,150,20
44,7,3,10,255,20
63,8,3,1,158,17
63,8,3,2,2,17
63,8,3,3,2,17
63,8,3,4,2,17
63,8,3,5,21,17
63,8,3,6,12,17
63,8,3,7,4,17
63,8,3,8,10,17
63,8,3,10,37,17
63,8,3,11,0,17
63,8,3,12,23,17
63,8,3,13,0,17
63,8,3,16,0,17
63,8,3,17,0,17
63,8,3,22,4,17
63,8,3,23,26,17
63,8,3,24,21,17
63,8,3,25,2,17
64,8,3,1,169,17
64,8,3,2,2,17
64,8,3,3,2,17
64,8,3,4,4,17
64,8,3,5,22,17
64,8,3,6,12,17
64,8,3,7,4,17
64,8,3,8,11,17
64,8,3,10,41,17
64,8,3,11,0,17
64,8,3,13,0,17
64,8,3,14,21,17
64,8,3,16,0,17
64,8,3,17,0,17
64,8,3,22,4,17
64,8,3,23,27,17
64,8,3,24,22,17
64,8,3,25,2,17
65,8,3,1,189,17
65,8,3,2,2,17
65,8,3,3,2,17
65,8,3,4,4,17
65,8,3,5,25,17
65,8,3,6,14,17
65,8,3,7,4,17
65,8,3,8,12,17
65,8,3,10,50,17
65,8,3,11,0,17
65,8,3,13,0,17
65,8,3,15,16,17
65,8,3,16,0,17
65,8,3,17,0,17
65,8,3,22,6,17
65,8,3,23,31,17
65,8,3,24,27,17
65,8,3,25,2,17
66,8,3,1,357,17
66,8,3,10,193,17
66,8,3,23,165,17
78,9,3,1,155,15
78,9,3,2,2,15
78,9,3,3,2,15
78,9,3,4,5,15
78,9,3,5,17,15
78,9,3,6,11,15
78,9,3,7,4,15
78,9,3,8,10,15
78,9,3,10,36,15
78,9,3,11,0,15
78,9,3,12,22,15
78,9,3,13,0,15
78,9,3,16,0,15
78,9,3,17,0,15
78,9,3,22,4,15
78,9,3,23,28,15
78,9,3,24,17,15
78,9,3,25,2,15
79,9,3,1,164,15
79,9,3,2,2,15
79,9,3,3,2,15
79,9,3,4,5,15
79,9,3,5,19,15
79,9,3,6,14,15
79,9,3,7,7,15
79,9,3,9,4,15
79,9,3,10,38,15
79,9,3,11,0,15
79,9,3,12,25,15
79,9,3,13,0,15
79,9,3,16,0,15
79,9,3,17,0,15
79,9,3,22,4,15
79,9,3,23,30,15
79,9,3,24,19,15
79,9,3,25,2,15
80,9,3,1,184,15
80,9,3,2,2,15
80,9,3,3,2,15
80,9,3,4,6,15
80,9,3,5,21,15
80,9,3,6,13,15
80,9,3,7,6,15
80,9,3,8,12,15
80,9,3,10,43,15
80,9,3,11,0,15
80,9,3,13,0,15
80,9,3,14,23,15
80,9,3,16,0,15
80,9,3,17,0,15
80,9,3,22,4,15
80,9,3,23,35,15
80,9,3,24,21,15
80,9,3,25,2,15
81,9,3,1,339,15
81,9,3,10,186,15
81,9,3,23,153,15
83,10,3,1,192,13
83,10,3,2,2,13
83,10,3,3,2,13
83,10,3,4,6,13
83,10,3,5,22,13
83,10,3,6,14,13
83,10,3,8,14,13
83,10,3,10,47,13
83,10,3,11,2,13
83,10,3,12,29,13
83,10,3,13,2,13
83,10,3,16,2,13
83,10,3,22,10,13
83,10,3,23,43,13
83,10,3,25,2,13
84,10,3,1,202,13
84,10,3,2,3,13
84,10,3,3,3,13
84,10,3,4,7,13
84,10,3,5,23,13
84,10,3,6,15,13
84,10,3,8,15,13
84,10,3,10,51,13
84,10,3,11,3,13
84,10,3,13,3,13
84,10,3,14,27,13
84,10,3,16,3,13
84,10,3,22,11,13
84,10,3,23,47,13
84,10,3,25,3,13
85,10,3,1,213,13
85,10,3,2,3,13
85,10,3,3,3,13
85,10,3,4,7,13
85,10,3,5,24,13
85,10,3,6,15,13
85,10,3,8,15,13
85,10,3,10,56,13
85,10,3,11,3,13
85,10,3,13,3,13
85,10,3,15,20,13
85,10,3,16,3,13
85,10,3,22,11,13
85,10,3,23,56,13
85,10,3,25,3,13
86,10,3,1,225,13
86,10,3,2,3,13
86,10,3,3,3,13
86,10,3,4,7,13
86,10,3,5,25,13
86,10,3,6,16,13
86,10,3,8,16,13
86,10,3,10,65,13
86,10,3,11,3,13
86,10,3,13,3,13
86,10,3,16,3,13
86,10,3,18,14,13
86,10,3,22,12,13
86,10,3,23,59,13
86,10,3,25,3,13
87,10,3,1,245,13
87,10,3,2,3,13
87,10,3,3,3,13
87,10,3,4,8,13
87,10,3,5,27,13
87,10,3,6,18,13
87,10,3,8,18,13
87,10,3,10,72,13
87,10,3,11,3,13
87,10,3,13,3,13
87,10,3,16,3,13
87,10,3,19,13,13
87,10,3,22,13,13
87,10,3,23,67,13
87,10,3,25,3,13
88,10,3,1,256,13
88,10,3,2,3,13
88,10,3,3,3,13
88,10,3,4,8,13
88,10,3,5,31,13
88,10,3,6,18,13
88,10,3,8,18,13
88,10,3,10,77,13
88,10,3,11,3,13
88,10,3,13,3,13
88,10,3,16,3,13
88,10,3,20,3,13
88,10,3,22,13,13
88,10,3,23,75,13
88,10,3,25,3,13
89,10,3,1,171,13
89,10,3,2,2,13
89,10,3,3,2,13
89,10,3,4,6,13
89,10,3,5,19,13
89,10,3,6,12,13
89,10,3,8,12,13
89,10,3,10,40,13
89,10,3,11,2,13
89,10,3,12,24,13
89,10,3,13,2,13
89,10,3,16,0,13
89,10,3,22,4,13
89,10,3,23,33,13
89,10,3,24,18,13
89,10,3,25,0,13
90,10,3,1,363,13
90,10,3,10,196,13
90,10,3,23,167,13
97,11,3,1,174,12
97,11,3,2,2,12
97,11,3,3,2,12
97,11,3,4,4,12
97,11,3,5,20,12
97,11,3,6,14,12
97,11,3,8,13,12
97,11,3,10,40,12
97,11,3,11,2,12
97,11,3,12,28,12
97,11,3,13,2,12
97,11,3,16,2,12
97,11,3,22,9,12
97,11,3,23,39,12
97,11,3,25,2,12
98,11,3,1,162,12
98,11,3,2,2,12
98,11,3,3,2,12
98,11,3,4,4,12
98,11,3,5,18,12
98,11,3,6,13,12
98,11,3,8,12,12
98,11,3,10,39,12
98,11,3,11,2,12
98,11,3,13,2,12
98,11,3,14,23,12
98,11,3,16,2,12
98,11,3,22,9,12
98,11,3,23,38,12
98,11,3,25,2,12
99,11,3,1,206,12
99,11,3,2,3,12
99,11,3,3,3,12
99,11,3,4,7,12
99,11,3,5,25,12
99,11,3,6,17,12
99,11,3,8,15,12
99,11,3,10,52,12
99,11,3,11,3,12
99,11,3,13,3,12
99,11,3,15,19,12
99,11,3,16,3,12
99,11,3,22,11,12
99,11,3,23,50,12
99,11,3,25,5,12
100,11,3,1,174,12
100,11,3,2,2,12
100,11,3,3,2,12
100,11,3,4,4,12
100,11,3,5,18,12
100,11,3,6,14,12
100,11,3,8,13,12
100,11,3,10,40,12
100,11,3,11,2,12
100,11,3,12,26,12
100,11,3,13,2,12
100,11,3,16,2,12
100,11,3,22,6,12
100,11,3,23,33,12
100,11,3,24,13,12
100,11,3,25,2,12
101,11,3,1,174,12
101,11,3,2,2,12
101,11,3,3,2,12
101,11,3,4,4,12
101,11,3,5,20,12
101,11,3,7,9,12
101,11,3,8,13,12
101,11,3,10,44,12
101,11,3,11,2,12
101,11,3,12,28,12
101,11,3,13,2,12
101,11,3,16,2,12
101,11,3,22,9,12
101,11,3,23,40,12
101,11,3,25,2,12
102,11,3,1,356,12
102,11,3,10,193,12
102,11,3,23,164,12
116,12,3,1,195,10
116,12,3,2,2,10
116,12,3,3,2,10
116,12,3,4,6,10
116,12,3,5,24,10
116,12,3,6,14,10
116,12,3,8,12,10
116,12,3,10,47,10
116,12,3,11,0,10
116,12,3,12,32,10
116,12,3,13,2,10
116,12,3,16,2,10
116,12,3,22,8,10
116,12,3,23,45,10
116,12,3,25,2,10
117,12,3,1,206,10
117,12,3,2,3,10
117,12,3,3,3,10
117,12,3,4,5,10
117,12,3,5,25,10
117,12,3,6,15,10
117,12,3,8,13,10
117,12,3,10,54,10
117,12,3,11,0,10
117,12,3,13,3,10
117,12,3,14,29,10
117,12,3,16,3,10
117,12,3,22,9,10
117,12,3,23,50,10
117,12,3,25,3,10
118,12,3,1,228,10
118,12,3,2,3,10
118,12,3,3,3,10
118,12,3,4,7,10
118,12,3,5,28,10
118,12,3,6,16,10
118,12,3,8,14,10
118,12,3,10,69,10
118,12,3,11,0,10
118,12,3,13,3,10
118,12,3,16,3,10
118,12,3,18,14,10
118,12,3,22,10,10
118,12,3,23,60,10
118,12,3,25,5,10
119,12,3,1,195,10
119,12,3,2,2,10
119,12,3,3,2,10
119,12,3,4,4,10
119,12,3,5,26,10
119,12,3,7,10,10
119,12,3,8,12,10
119,12,3,10,49,10
119,12,3,11,0,10
119,12,3,12,32,10
119,12,3,13,2,10
119,12,3,16,2,10
119,12,3,22,8,10
119,12,3,23,47,10
119,12,3,25,2,10
120,12,3,1,348,10
120,12,3,10,191,10
120,12,3,23,157,10
121,13,3,1,180,9
121,13,3,2,2,9
121,13,3,3,2,9
121,13,3,4,4,9
121,13,3,5,20,9
121,13,3,6,13,9
121,13,3,8,11,9
121,13,3,10,43,9
121,13,3,11,2,9
121,13,3,12,29,9
121,13,3,13,2,9
121,13,3,16,2,9
121,13,3,22,8,9
121,13,3,23,43,9
121,13,3,25,2,9
122,13,3,1,202,9
122,13,3,2,3,9
122,13,3,3,3,9
122,13,3,4,5,9
122,13,3,5,23,9
122,13,3,6,15,9
122,13,3,8,13,9
122,13,3,10,51,9
122,13,3,11,3,9
122,13,3,13,3,9
122,13,3,14,27,9
122,13,3,16,3,9
122,13,3,22,9,9
122,13,3,23,53,9
122,13,3,25,3,9
123,13,3,1,212,9
123,13,3,2,3,9
123,13,3,3,3,9
123,13,3,4,5,9
123,13,3,5,24,9
123,13,3,7,11,9
123,13,3,8,17,9
123,13,3,10,51,9
123,13,3,11,3,9
123,13,3,12,34,9
123,13,3,13,3,9
123,13,3,16,3,9
123,13,3,22,9,9
123,13,3,23,51,9
123,13,3,25,3,9
124,13,3,1,180,9
124,13,3,2,2,9
124,13,3,3,2,9
124,13,3,4,4,9
124,13,3,5,20,9
124,13,3,6,13,9
124,13,3,8,11,9
124,13,3,10,38,9
124,13,3,11,2,9
124,13,3,12,20,9
124,13,3,13,2,9
124,13,3,14,15,9
124,13,3,16,2,9
124,13,3,22,8,9
124,13,3,23,42,9
124,13,3,25,4,9
137,14,3,1,166,6
137,14,3,2,2,6
137,14,3,3,2,6
137,14,3,4,4,6
137,14,3,5,19,6
137,14,3,6,12,6
137,14,3,8,10,6
137,14,3,10,43,6
137,14,3,11,2,6
137,14,3,12,22,6
137,14,3,13,2,6
137,14,3,16,2,6
137,14,3,17,0,6
137,14,3,22,5,6
137,14,3,23,45,6
138,14,3,1,206,6
138,14,3,2,3,6
138,14,3,3,5,6
138,14,3,4,7,6
138,14,3,5,27,6
138,14,3,10,60,6
138,14,3,11,3,6
138,14,3,12,29,6
138,14,3,13,3,6
138,14,3,16,3,6
138,14,3,17,3,6
138,14,3,22,11,6
138,14,3,23,60,6
139,14,3,1,216,6
139,14,3,2,7,6
139,14,3,3,7,6
139,14,3,4,9,6
139,14,3,6,20,6
139,14,3,10,61,6
139,14,3,11,3,6
139,14,3,12,33,6
139,14,3,13,3,6
139,14,3,16,3,6
139,14,3,17,3,6
139,14,3,22,11,6
139,14,3,23,63,6
140,14,3,1,186,6
140,14,3,2,4,6
140,14,3,3,6,6
140,14,3,4,8,6
140,14,3,8,23,6
140,14,3,10,52,6
140,14,3,11,2,6
140,14,3,12,26,6
140,14,3,13,2,6
140,14,3,16,2,6
140,14,3,17,2,6
140,14,3,22,8,6
140,14,3,23,54,6
141,14,3,1,329,6
141,14,3,10,175,6
141,14,3,23,155,6
143,15,3,1,162,4
143,15,3,2,2,4
143,15,3,3,2,4
143,15,3,4,4,4
143,15,3,5,20,4
143,15,3,6,10,4
143,15,3,8,10,4
143,15,3,10,41,4
143,15,3,11,2,4
143,15,3,12,23,4
143,15,3,13,0,4
143,15,3,16,2,4
143,15,3,17,0,4
143,15,3,22,7,4
143,15,3,23,44,4
144,15,3,1,162,4
144,15,3,2,2,4
144,15,3,3,2,4
144,15,3,4,4,4
144,15,3,5,21,4
144,15,3,6,10,4
144,15,3,8,10,4
144,15,3,10,44,4
144,15,3,11,4,4
144,15,3,13,2,4
144,15,3,15,10,4
144,15,3,16,2,4
144,15,3,17,0,4
144,15,3,22,9,4
144,15,3,23,47,4
145,15,3,1,311,4
145,15,3,10,165,4
145,15,3,23,147,4
146,16,3,1,181,3
146,16,3,2,2,3
146,16,3,3,2,3
146,16,3,4,2,3
146,16,3,5,20,3
146,16,3,6,11,3
146,16,3,8,11,3
146,16,3,10,48,3
146,16,3,11,2,3
146,16,3,12,28,3
146,16,3,13,0,3
146,16,3,16,2,3
146,16,3,17,0,3
146,16,3,22,10,3
146,16,3,23,48,3
147,16,3,1,201,3
147,16,3,2,3,3
147,16,3,3,3,3
147,16,3,4,3,3
147,16,3,5,23,3
147,16,3,6,13,3
147,16,3,8,13,3
147,16,3,10,57,3
147,16,3,11,5,3
147,16,3,13,0,3
147,16,3,14,25,3
147,16,3,16,3,3
147,16,3,17,0,3
147,16,3,22,11,3
147,16,3,23,53,3
148,16,3,1,321,3
148,16,3,10,174,3
148,16,3,23,148,3
1,17,4,1,1071,23
1,17,4,2,6,23
1,17,4,3,6,23
1,17,4,4,17,23
1,17,4,5,86,23
1,17,4,6,54,23
1,17,4,7,17,23
1,17,4,8,75,23
1,17,4,10,268,23
1,17,4,12,161,23
1,17,4,13,6,23
1,17,4,22,27,23
1,17,4,23,183,23
1,17,4,24,172,23
2,17,4,1,1073,23
2,17,4,2,6,23
2,17,4,3,6,23
2,17,4,4,22,23
2,17,4,5,86,23
2,17,4,6,60,23
2,17,4,7,22,23
2,17,4,8,76,23
2,17,4,10,279,23
2,17,4,13,11,23
2,17,4,14,108,23
2,17,4,22,27,23
2,17,4,23,194,23
2,17,4,24,183,23
3,17,4,1,1074,23
3,17,4,2,6,23
3,17,4,3,6,23
3,17,4,4,22,23
3,17,4,5,86,23
3,17,4,6,60,23
3,17,4,7,22,23
3,17,4,8,76,23
3,17,4,10,290,23
3,17,4,13,11,23
3,17,4,15,86,23
3,17,4,22,33,23
3,17,4,23,199,23
3,17,4,24,183,23
26,18,4,1,220,21
26,18,4,2,2,21
26,18,4,3,2,21
26,18,4,4,5,21
26,18,4,5,16,21
26,18,4,6,14,21
26,18,4,7,5,21
26,18,4,8,18,21
26,18,4,10,55,21
26,18,4,12,36,21
26,18,4,13,3,21
26,18,4,22,5,21
26,18,4,23,36,21
26,18,4,24,31,21
27,18,4,1,236,21
27,18,4,2,2,21
27,18,4,3,2,21
27,18,4,4,4,21
27,18,4,5,19,21
27,18,4,6,15,21
27,18,4,7,6,21
27,18,4,8,19,21
27,18,4,10,62,21
27,18,4,13,3,21
27,18,4,14,26,21
27,18,4,22,8,21
27,18,4,23,43,21
27,18,4,24,34,21
45,19,4,1,393,19
45,19,4,2,2,19
45,19,4,3,4,19
45,19,4,4,8,19
45,19,4,5,30,19
45,19,4,6,24,19
45,19,4,7,16,19
45,19,4,8,34,19
45,19,4,10,102,19
45,19,4,12,71,19
45,19,4,13,4,19
45,19,4,22,10,19
45,19,4,23,91,19
46,19,4,1,412,19
46,19,4,2,3,19
46,19,4,3,5,19
46,19,4,4,11,19
46,19,4,5,33,19
46,19,4,6,25,19
46,19,4,7,17,19
46,19,4,8,36,19
46,19,4,10,112,19
46,19,4,13,5,19
46,19,4,14,54,19
46,19,4,22,15,19
46,19,4,23,103,19
47,19,4,1,417,19
47,19,4,2,3,19
47,19,4,3,5,19
47,19,4,4,9,19
47,19,4,5,34,19
47,19,4,6,26,19
47,19,4,7,15,19
47,19,4,8,38,19
47,19,4,10,113,19
47,19,4,13,9,19
47,19,4,15,51,19
47,19,4,22,17,19
47,19,4,23,105,19
48,19,4,1,362,19
48,19,4,2,2,19
48,19,4,3,4,19
48,19,4,4,8,19
48,19,4,5,26,19
48,19,4,6,20,19
48,19,4,7,13,19
48,19,4,8,29,19
48,19,4,10,87,19
48,19,4,12,55,19
48,19,4,13,4,19
48,19,4,22,10,19
48,19,4,23,65,19
48,19,4,24,44,19
49,19,4,1,375,19
49,19,4,2,2,19
49,19,4,3,4,19
49,19,4,4,8,19
49,19,4,5,27,19
49,19,4,6,23,19
49,19,4,7,12,19
49,19,4,8,30,19
49,19,4,10,98,19
49,19,4,13,4,19
49,19,4,14,42,19
49,19,4,22,10,19
49,19,4,23,72,19
49,19,4,24,49,19
50,19,4,1,385,19
50,19,4,2,2,19
50,19,4,3,4,19
50,19,4,4,6,19
50,19,4,5,27,19
50,19,4,6,24,19
50,19,4,7,12,19
50,19,4,8,33,19
50,19,4,10,100,19
50,19,4,13,4,19
50,19,4,15,37,19
50,19,4,22,10,19
50,19,4,23,75,19
50,19,4,24,54,19
51,19,4,1,404,19
51,19,4,2,3,19
51,19,4,3,5,19
51,19,4,4,9,19
51,19,4,5,31,19
51,19,4,6,23,19
51,19,4,7,15,19
51,19,4,8,33,19
51,19,4,10,110,19
51,19,4,13,5,19
51,19,4,18,21,19
51,19,4,22,13,19
51,19,4,23,85,19
51,19,4,24,61,19
52,19,4,1,431,19
52,19,4,10,250,19
52,19,4,23,182,19
53,19,4,1,583,19
53,19,4,10,298,19
53,19,4,12,286,19
54,19,4,1,450,19
54,19,4,12,279,19
54,19,4,23,171,19
55,19,4,1,613,19
55,19,4,10,362,19
55,19,4,14,252,19
56,19,4,1,500,19
56,19,4,14,290,19
56,19,4,23,210,19
82,20,4,1,252,14
82,20,4,2,0,14
82,20,4,3,3,14
82,20,4,4,8,14
82,20,4,5,21,14
82,20,4,6,18,14
82,20,4,7,6,14
82,20,4,8,16,14
82,20,4,10,66,14
82,20,4,11,0,14
82,20,4,12,38,14
82,20,4,22,8,14
82,20,4,23,51,14
82,20,4,24,23,14
103,21,4,1,379,11
103,21,4,2,2,11
103,21,4,3,6,11
103,21,4,4,8,11
103,21,4,5,36,11
103,21,4,6,27,11
103,21,4,8,31,11
103,21,4,10,91,11
103,21,4,12,65,11
103,21,4,13,8,11
103,21,4,17,2,11
103,21,4,22,16,11
103,21,4,23,91,11
104,21,4,1,404,11
104,21,4,2,3,11
104,21,4,3,7,11
104,21,4,4,11,11
104,21,4,5,37,11
104,21,4,6,33,11
104,21,4,8,33,11
104,21,4,10,105,11
104,21,4,13,7,11
104,21,4,14,57,11
104,21,4,17,0,11
104,21,4,22,17,11
104,21,4,23,101,11
105,21,4,1,414,11
105,21,4,2,5,11
105,21,4,3,7,11
105,21,4,4,11,11
105,21,4,5,38,11
105,21,4,6,34,11
105,21,4,8,34,11
105,21,4,10,116,11
105,21,4,13,9,11
105,21,4,15,46,11
105,21,4,17,0,11
105,21,4,22,13,11
105,21,4,23,108,11
106,21,4,1,420,11
106,21,4,2,3,11
106,21,4,3,7,11
106,21,4,4,11,11
106,21,4,5,42,11
106,21,4,6,38,11
106,21,4,8,34,11
106,21,4,10,122,11
106,21,4,13,11,11
106,21,4,17,0,11
106,21,4,18,30,11
106,21,4,22,17,11
106,21,4,23,109,11
107,21,4,1,447,11
107,21,4,2,3,11
107,21,4,3,9,11
107,21,4,4,12,11
107,21,4,5,41,11
107,21,4,6,41,11
107,21,4,8,36,11
107,21,4,10,130,11
107,21,4,13,9,11
107,21,4,17,3,11
107,21,4,19,23,11
107,21,4,22,25,11
107,21,4,23,121,11
108,21,4,1,379,11
108,21,4,2,2,11
108,21,4,3,6,11
108,21,4,4,8,11
108,21,4,5,35,11
108,21,4,6,27,11
108,21,4,8,29,11
108,21,4,10,91,11
108,21,4,12,57,11
108,21,4,13,6,11
108,21,4,17,0,11
108,21,4,22,12,11
108,21,4,23,84,11
108,21,4,24,27,11
109,21,4,1,392,11
109,21,4,2,2,11
109,21,4,3,4,11
109,21,4,4,10,11
109,21,4,5,36,11
109,21,4,6,34,11
109,21,4,8,32,11
109,21,4,10,102,11
109,21,4,13,6,11
109,21,4,14,47,11
109,21,4,17,2,11
109,21,4,22,14,11
109,21,4,23,83,11
109,21,4,24,24,11
110,21,4,1,374,11
110,21,4,2,2,11
110,21,4,3,6,11
110,21,4,4,8,11
110,21,4,5,30,11
110,21,4,6,32,11
110,21,4,7,12,11
110,21,4,8,30,11
110,21,4,10,87,11
110,21,4,12,60,11
110,21,4,13,8,11
110,21,4,17,0,11
110,21,4,22,12,11
110,21,4,23,87,11
110,21,4,25,6,11
111,21,4,1,466,11
111,21,4,10,261,11
111,21,4,23,206,11
112,21,4,1,444,11
112,21,4,12,266,11
112,21,4,23,178,11
113,21,4,1,483,11
113,21,4,14,281,11
113,21,4,23,203,11
114,21,4,1,616,11
114,21,4,10,308,11
114,21,4,14,308,11
115,21,4,1,567,11
115,21,4,10,267,11
115,21,4,12,301,11
125,22,4,1,388,8
125,22,4,2,2,8
125,22,4,3,4,8
125,22,4,4,14,8
125,22,4,5,28,8
125,22,4,6,24,8
125,22,4,8,28,8
125,22,4,10,94,8
125,22,4,11,2,8
125,22,4,12,70,8
125,22,4,13,8,8
125,22,4,17,2,8
125,22,4,22,16,8
125,22,4,23,101,8
126,22,4,1,409,8
126,22,4,2,3,8
126,22,4,3,5,8
126,22,4,4,15,8
126,22,4,5,31,8
126,22,4,6,27,8
126,22,4,8,29,8
126,22,4,10,107,8
126,22,4,11,3,8
126,22,4,13,11,8
126,22,4,14,58,8
126,22,4,17,3,8
126,22,4,22,19,8
126,22,4,23,107,8
127,22,4,1,402,8
127,22,4,2,3,8
127,22,4,3,5,8
127,22,4,4,15,8
127,22,4,5,31,8
127,22,4,6,25,8
127,22,4,8,29,8
127,22,4,10,113,8
127,22,4,11,3,8
127,22,4,13,13,8
127,22,4,17,3,8
127,22,4,21,53,8
127,22,4,22,15,8
127,22,4,23,105,8
128,22,4,1,405,8
128,22,4,2,3,8
128,22,4,3,5,8
128,22,4,4,17,8
128,22,4,5,29,8
128,22,4,6,33,8
128,22,4,10,114,8
128,22,4,11,3,8
128,22,4,12,73,8
128,22,4,13,9,8
128,22,4,17,3,8
128,22,4,22,19,8
128,22,4,23,106,8
129,22,4,1,409,8
129,22,4,2,3,8
129,22,4,3,5,8
129,22,4,4,17,8
129,22,4,5,29,8
129,22,4,8,37,8
129,22,4,10,107,8
129,22,4,11,3,8
129,22,4,12,76,8
129,22,4,13,9,8
129,22,4,17,3,8
129,22,4,22,17,8
129,22,4,23,111,8
130,22,4,1,445,8
130,22,4,10,254,8
130,22,4,23,192,8
131,22,4,1,424,8
131,22,4,12,259,8
131,22,4,23,165,8
132,22,4,1,589,8
132,22,4,10,283,8
132,22,4,12,307,8
142,23,4,1,275,5
142,23,4,2,2,5
142,23,4,3,3,5
142,23,4,4,6,5
142,23,4,5,25,5
142,23,4,6,14,5
142,23,4,8,16,5
142,23,4,10,72,5
142,23,4,11,0,5
142,23,4,12,38,5
142,23,4,13,2,5
142,23,4,22,10,5
142,23,4,23,77,5
142,23,4,24,16,5
57,24,5,1,817,18
57,24,5,2,9,18
57,24,5,3,9,18
57,24,5,4,13,18
57,24,5,5,74,18
57,24,5,6,45,18
57,24,5,7,13,18
57,24,5,8,74,18
57,24,5,10,196,18
57,24,5,12,115,18
57,24,5,13,9,18
57,24,5,22,13,18
57,24,5,23,131,18
57,24,5,24,123,18
58,24,5,1,830,18
58,24,5,2,9,18
58,24,5,3,9,18
58,24,5,4,13,18
58,24,5,5,75,18
58,24,5,6,46,18
58,24,5,7,13,18
58,24,5,8,75,18
58,24,5,10,208,18
58,24,5,13,9,18
58,24,5,14,100,18
58,24,5,22,13,18
58,24,5,23,142,18
58,24,5,24,125,18
59,24,5,1,830,18
59,24,5,2,9,18
59,24,5,3,9,18
59,24,5,4,13,18
59,24,5,5,75,18
59,24,5,6,46,18
59,24,5,7,13,18
59,24,5,8,79,18
59,24,5,10,212,18
59,24,5,13,9,18
59,24,5,15,92,18
59,24,5,22,13,18
59,24,5,23,142,18
59,24,5,24,125,18
60,24,5,1,838,18
60,24,5,2,9,18
60,24,5,3,9,18
60,24,5,4,13,18
60,24,5,5,72,18
60,24,5,6,47,18
60,24,5,7,13,18
60,24,5,8,76,18
60,24,5,10,210,18
60,24,5,12,143,18
60,24,5,13,9,18
60,24,5,22,34,18
60,24,5,23,210,18
61,24,5,1,847,18
61,24,5,2,9,18
61,24,5,3,9,18
61,24,5,4,13,18
61,24,5,5,72,18
61,24,5,6,47,18
61,24,5,7,13,18
61,24,5,8,77,18
61,24,5,10,220,18
61,24,5,13,9,18
61,24,5,14,119,18
61,24,5,22,43,18
61,24,5,23,220,18
62,24,5,1,838,18
62,24,5,2,9,18
62,24,5,3,9,18
62,24,5,4,13,18
62,24,5,5,72,18
62,24,5,6,47,18
62,24,5,7,13,18
62,24,5,8,76,18
62,24,5,10,227,18
62,24,5,13,9,18
62,24,5,15,109,18
62,24,5,22,42,18
62,24,5,23,218,18
4,25,6,1,807,22
4,25,6,2,9,22
4,25,6,3,17,22
4,25,6,4,17,22
4,25,6,5,65,22
4,25,6,6,37,22
4,25,6,7,17,22
4,25,6,8,53,22
4,25,6,10,202,22
4,25,6,12,105,22
4,25,6,22,17,22
4,25,6,23,146,22
4,25,6,24,130,22
5,25,6,1,722,22
5,25,6,2,8,22
5,25,6,3,15,22
5,25,6,4,15,22
5,25,6,5,65,22
5,25,6,6,29,22
5,25,6,7,19,22
5,25,6,8,51,22
5,25,6,10,192,22
5,25,6,14,62,22
5,25,6,22,19,22
5,25,6,23,134,22
5,25,6,24,119,22
6,25,6,1,747,22
6,25,6,2,8,22
6,25,6,3,15,22
6,25,6,4,15,22
6,25,6,5,64,22
6,25,6,8,83,22
6,25,6,10,194,22
6,25,6,12,97,22
6,25,6,22,19,22
6,25,6,23,135,22
6,25,6,24,120,22
7,25,6,1,800,22
7,25,6,10,496,22
7,25,6,24,304,22
8,25,6,1,744,22
8,25,6,10,432,22
8,25,6,23,313,22
72,26,6,1,254,16
72,26,6,2,4,16
72,26,6,3,6,16
72,26,6,4,6,16
72,26,6,5,21,16
72,26,6,6,11,16
72,26,6,7,11,16
72,26,6,8,16,16
72,26,6,10,67,16
72,26,6,12,36,16
72,26,6,22,6,16
72,26,6,23,53,16
72,26,6,24,26,16
73,26,6,1,263,16
73,26,6,2,6,16
73,26,6,3,4,16
73,26,6,4,8,16
73,26,6,5,20,16
73,26,6,6,11,16
73,26,6,7,12,16
73,26,6,8,14,16
73,26,6,10,66,16
73,26,6,14,35,16
73,26,6,22,8,16
73,26,6,23,56,16
73,26,6,24,28,16
74,26,6,1,260,16
74,26,6,2,6,16
74,26,6,3,3,16
74,26,6,4,6,16
74,26,6,5,21,16
74,26,6,6,13,16
74,26,6,7,11,16
74,26,6,9,8,16
74,26,6,10,68,16
74,26,6,12,39,16
74,26,6,22,8,16
74,26,6,23,55,16
74,26,6,24,26,16
75,26,6,1,274,16
75,26,6,2,6,16
75,26,6,3,3,16
75,26,6,4,9,16
75,26,6,5,22,16
75,26,6,6,14,16
75,26,6,7,11,16
75,26,6,9,11,16
75,26,6,10,72,16
75,26,6,14,35,16
75,26,6,22,7,16
75,26,6,23,59,16
75,26,6,24,29,16
76,26,6,1,329,16
76,26,6,10,191,16
76,26,6,23,138,16
77,26,6,1,452,16
77,26,6,10,240,16
77,26,6,12,213,16
67,27,7,1,187,16
67,27,7,2,2,16
67,27,7,3,2,16
67,27,7,4,6,16
67,27,7,5,15,16
67,27,7,6,12,16
67,27,7,7,6,16
67,27,7,8,14,16
67,27,7,10,45,16
67,27,7,12,29,16
67,27,7,22,4,16
67,27,7,23,38,16
67,27,7,24,19,16
68,27,7,1,196,16
68,27,7,2,2,16
68,27,7,3,2,16
68,27,7,4,6,16
68,27,7,5,14,16
68,27,7,6,14,16
68,27,7,7,4,16
68,27,7,8,16,16
68,27,7,10,49,16
68,27,7,12,32,16
68,27,7,22,10,16
68,27,7,23,49,16
69,27,7,1,206,16
69,27,7,2,3,16
69,27,7,3,3,16
69,27,7,4,7,16
69,27,7,5,15,16
69,27,7,6,15,16
69,27,7,7,5,16
69,27,7,8,17,16
69,27,7,10,54,16
69,27,7,14,31,16
69,27,7,22,11,16
69,27,7,23,52,16
70,27,7,1,206,16
70,27,7,2,3,16
70,27,7,3,3,16
70,27,7,4,7,16
70,27,7,5,17,16
70,27,7,6,15,16
70,27,7,7,7,16
70,27,7,8,17,16
70,27,7,10,58,16
70,27,7,15,19,16
70,27,7,22,13,16
70,27,7,23,54,16
71,27,7,1,324,16
71,27,7,10,188,16
71,27,7,23,137,16
